"area","date","dwellings_adj","year","pop","ppd","index","index_pop","index_dwel"
"Auckland",2002-06-30,431861.35,2002,1255800,2.90787772510784,1.00480736062663,0.914639475600874,0.910263510639968
"Bay of Plenty",2002-06-30,100952,2002,250700,2.48335842776765,1.0182537940247,0.944967960799095,0.928027930113631
"Canterbury",2002-06-30,206494.25,2002,505100,2.44607295360525,1.00067940771322,0.93537037037037,0.934735303995021
"Gisborne",2002-06-30,16878.2,2002,45500,2.69578509556706,1.01294512104538,0.989130434782609,0.976489657960747
"Hawke's Bay",2002-06-30,57742.55,2002,148500,2.57176033964555,1.01788679248033,0.976331360946746,0.959174800340692
"Manawatu-Whanganui",2002-06-30,91825.15,2002,227800,2.48080182825729,1.02476220761216,0.993025283347864,0.969029962240458
"Marlborough",2002-06-30,18920.6,2002,41200,2.17752079743771,1.01926394911337,0.944954128440367,0.927094624765602
"Nelson",2002-06-30,17272.85,2002,43100,2.49524542851932,1.03878806007294,0.972911963882618,0.936583699098641
"Northland",2002-06-30,62495.95,2002,146000,2.33615138260959,1.02515136306739,0.956123117223314,0.932665313307946
"Otago",2002-06-30,82510.05,2002,191000,2.3148695219552,1.01524370770024,0.955955955955956,0.941602443536847
"Southland",2002-06-30,39394.15,2002,93500,2.37344884963884,1.03205610940909,1.00321888412017,0.972058471408659
"Taranaki",2002-06-30,42470.6,2002,105900,2.4934896139918,1.01808670866716,0.98695246971109,0.969418872979069
"Tasman",2002-06-30,18152.85,2002,43200,2.37979160297143,1.03317832660974,0.943231441048035,0.912941567544439
"Waikato",2002-06-30,155456.8,2002,373400,2.40195346874502,1.01783510022686,0.949643947100712,0.933003732027956
"Wellington",2002-06-30,173839.25,2002,445800,2.56443812315113,1.00454234584357,0.956036886124812,0.951713872571474
"West Coast",2002-06-30,14518.75,2002,31100,2.14205768402927,1.00982658697164,0.968847352024922,0.959419532546068
"Auckland",2003-06-30,440703.95,2003,1297600,2.94438023530309,1.01742068016508,0.945083758193736,0.928901659479138
"Bay of Plenty",2003-06-30,102438.75,2003,255000,2.48929238203317,1.02068689887854,0.961176027139088,0.941695272267293
"Canterbury",2003-06-30,208999.4,2003,515500,2.46651425793567,1.00904186978946,0.95462962962963,0.946075339597965
"Gisborne",2003-06-30,16978.9,2003,45800,2.69746567798856,1.01357660230372,0.995652173913044,0.982315664795401
"Hawke's Bay",2003-06-30,58208.05,2003,149400,2.56665529939587,1.01586624921076,0.982248520710059,0.966907328079051
"Manawatu-Whanganui",2003-06-30,92405.6,2003,228700,2.47495822763988,1.02234835052737,0.99694856146469,0.975155445744514
"Marlborough",2003-06-30,19188.5,2003,41800,2.17838809703729,1.01966991869858,0.958715596330275,0.94022151556054
"Nelson",2003-06-30,17491.35,2003,43600,2.49266065798237,1.03771200208637,0.984198645598194,0.948431398711215
"Northland",2003-06-30,63337.65,2003,147900,2.33510400212196,1.02469175092815,0.968565815324165,0.945226517581364
"Otago",2003-06-30,83546.5,2003,193500,2.31607547892491,1.01577261017774,0.968468468468468,0.953430382710363
"Southland",2003-06-30,39570.85,2003,94100,2.37801310813389,1.03404080390354,1.00965665236052,0.976418578985492
"Taranaki",2003-06-30,42677.7,2003,106600,2.49779158670688,1.01984319532654,0.993476234855545,0.97414606422652
"Tasman",2003-06-30,18550.9,2003,44100,2.37724315262332,1.03207192566992,0.962882096069869,0.932960263835163
"Waikato",2003-06-30,157536.35,2003,379200,2.40706351264327,1.02000049689713,0.964394710071211,0.945484549277113
"Wellington",2003-06-30,175711.7,2003,452300,2.57410291972589,1.00832824238584,0.969976410036457,0.961964932908518
"West Coast",2003-06-30,14631.8,2003,31400,2.14601074372258,1.01169017113557,0.978193146417445,0.966890036422389
"Auckland",2004-06-30,452316.75,2004,1326000,2.93157394679724,1.01299551027507,0.965768390386016,0.953378747082277
"Bay of Plenty",2004-06-30,104313.1,2004,259100,2.48386827733046,1.01846284812092,0.976630229928383,0.958925729819481
"Canterbury",2004-06-30,212445.05,2004,524800,2.47028584568104,1.01058481240105,0.971851851851852,0.96167272645116
"Gisborne",2004-06-30,17062.5,2004,45800,2.68424908424908,1.00861044822591,0.995652173913044,0.987152349714735
"Hawke's Bay",2004-06-30,58777.1,2004,150400,2.55881967637056,1.01276495821355,0.988823142669296,0.976359948722474
"Manawatu-Whanganui",2004-06-30,93013.6,2004,229200,2.4641557793699,1.01788610746923,0.999128160418483,0.981571664144835
"Marlborough",2004-06-30,19540,2004,42500,2.17502558853634,1.01809598025554,0.974770642201835,0.957444741071629
"Nelson",2004-06-30,17830.5,2004,44000,2.46768178121758,1.02731312162326,0.993227990970655,0.966821088979428
"Northland",2004-06-30,64298.1,2004,149500,2.32510758482755,1.02030511704327,0.979043876882777,0.959559900787261
"Otago",2004-06-30,84736.85,2004,195900,2.31186313864629,1.01392518339105,0.980480480480481,0.967014624492595
"Southland",2004-06-30,39852.05,2004,94100,2.36123361282544,1.0267445098846,1.00965665236052,0.983357244806689
"Taranaki",2004-06-30,42949.4,2004,106800,2.48664707772402,1.01529291510624,0.995340167753961,0.980347792193358
"Tasman",2004-06-30,19072.45,2004,45000,2.35942419563297,1.02433588687465,0.982532751091703,0.959190011481003
"Waikato",2004-06-30,160027.25,2004,384500,2.40271578746745,1.01815813510799,0.977873855544252,0.96043416226354
"Wellington",2004-06-30,178109.5,2004,457800,2.57032892686802,1.00684989295545,0.981771391807849,0.975092115197051
"West Coast",2004-06-30,14755.3,2004,31500,2.13482613027183,1.00641742796354,0.981308411214953,0.975051091077193
"Auckland",2005-06-30,464196.5,2005,1348900,2.90588145322078,1.00411755559507,0.98244719592134,0.978418503338596
"Bay of Plenty",2005-06-30,106452.5,2005,262200,2.46307038350438,1.00993506813583,0.988315114964191,0.978592729519191
"Canterbury",2005-06-30,216678.25,2005,531900,2.45479183997471,1.00424627191293,0.985,0.980835107432091
"Gisborne",2005-06-30,17158.45,2005,45900,2.67506680381969,1.005160193168,0.997826086956522,0.992703544906245
"Hawke's Bay",2005-06-30,59475.35,2005,151200,2.5422296800271,1.00619874055128,0.994082840236686,0.987958740330013
"Manawatu-Whanganui",2005-06-30,93823.95,2005,228900,2.43967558389942,1.00777390146093,0.997820401046208,0.990123280231512
"Marlborough",2005-06-30,19963.7,2005,43000,2.15390934546201,1.00821179208536,0.986238532110092,0.978205710201212
"Nelson",2005-06-30,18170.6,2005,44100,2.42699745743124,1.01037595412127,0.99548532731377,0.985262290985087
"Northland",2005-06-30,65630.95,2005,151000,2.30074378018298,1.00961377754926,0.988867059593975,0.979450837125416
"Otago",2005-06-30,86315.75,2005,197900,2.29274495095043,1.0055404258154,0.990490490490491,0.98503298829313
"Southland",2005-06-30,40172.2,2005,93700,2.3324587650166,1.01423222950285,1.00536480686695,0.991257009609877
"Taranaki",2005-06-30,43336.05,2005,106800,2.46446088187548,1.00623433672575,0.995340167753961,0.989173328146167
"Tasman",2005-06-30,19555.05,2005,45500,2.32676469761008,1.01015687831228,0.993449781659389,0.983460889084077
"Waikato",2005-06-30,163390.25,2005,388700,2.37896692122082,1.00809448068215,0.988555442522889,0.980617850277252
"Wellington",2005-06-30,180420.85,2005,461600,2.55846261670977,1.00220161895918,0.989920651940811,0.987746011594832
"West Coast",2005-06-30,14938.65,2005,31800,2.12870640921368,1.00353241834151,0.990654205607477,0.987167118372402
"Auckland",2006-06-30,474435.528780426,2006,1373000,2.89396538983791,1,1,1
"Bay of Plenty",2006-06-30,108781.208759136,2006,265300,2.43884033856829,1,1,1
"Canterbury",2006-06-30,220912.004839714,2006,540000,2.44441220110154,1,1,1
"Gisborne",2006-06-30,17284.5660600724,2006,46000,2.66133380728954,1,1,1
"Hawke's Bay",2006-06-30,60200.2366820837,2006,152100,2.52656813964432,1,1,1
"Manawatu-Whanganui",2006-06-30,94759.8666481834,2006,229400,2.42085608722622,1,1,1
"Marlborough",2006-06-30,20408.4885130077,2006,43600,2.13636595244233,1,1,1
"Nelson",2006-06-30,18442.398705661,2006,44300,2.4020736514281,1,1,1
"Northland",2006-06-30,67007.9063821313,2006,152700,2.27883556201839,1,1,1
"Otago",2006-06-30,87627.2683512542,2006,199800,2.28011215868445,1,1,1
"Southland",2006-06-30,40526.5230011441,2006,93200,2.29972850119338,1,1,1
"Taranaki",2006-06-30,43810.3705052552,2006,107300,2.44919179551629,1,1,1
"Tasman",2006-06-30,19883.9122298113,2006,45800,2.30336965234304,1,1,1
"Waikato",2006-06-30,166619.697932079,2006,393200,2.35986503924815,1,1,1
"Wellington",2006-06-30,182659.153144733,2006,466300,2.55284223085453,1,1,1
"West Coast",2006-06-30,15132.8480476844,2006,32100,2.12121339610702,1,1,1
"Auckland",2007-06-30,481228.654041697,2007,1390400,2.88927101144631,0.998377873347039,1.01267297887837,1.01431833167877
"Bay of Plenty",2007-06-30,110565.513047513,2007,267900,2.42299784639788,0.993504088020903,1.00980022615907,1.01640268855926
"Canterbury",2007-06-30,223855.250616285,2007,547400,2.44533017873372,1.00037554125763,1.0137037037037,1.01332315905016
"Gisborne",2007-06-30,17381.9960302721,2007,46000,2.64641643686303,0.994394776639571,1,1.00563681898991
"Hawke's Bay",2007-06-30,61014.080351876,2007,152900,2.50597893335778,0.991850919845193,1.00525969756739,1.01351894468605
"Manawatu-Whanganui",2007-06-30,95602.8612960707,2007,228700,2.3921878163431,0.988157796312474,0.99694856146469,1.00889611475517
"Marlborough",2007-06-30,20704.7683645273,2007,43800,2.11545472177515,0.990211774980185,1.0045871559633,1.01451748135736
"Nelson",2007-06-30,18641.9560478922,2007,44700,2.3978170469431,0.99822794589064,1.00902934537246,1.01082057412466
"Northland",2007-06-30,68302.7933231122,2007,154700,2.26491469050436,0.99389123474021,1.01309757694826,1.01932439037263
"Otago",2007-06-30,88742.2091910071,2007,201000,2.26498756152634,0.993366731061671,1.00600600600601,1.01272367449917
"Southland",2007-06-30,40814.8732808167,2007,93100,2.28103121524961,0.991869785527263,0.998927038626609,1.00711510039152
"Taranaki",2007-06-30,44390.9072923358,2007,107600,2.42391981969193,0.989681503967709,1.00279589934762,1.01325112708214
"Tasman",2007-06-30,20095.7553064221,2007,46200,2.29899296122678,0.998099874628544,1.00873362445415,1.01065399374943
"Waikato",2007-06-30,169509.776642218,2007,397300,2.34381761258865,0.993199854062581,1.01042726347915,1.01734536039861
"Wellington",2007-06-30,184432.953540901,2007,469300,2.54455611640967,0.996754161168008,1.00643362642076,1.00971098554674
"West Coast",2007-06-30,15317.4292308119,2007,32300,2.10870894281833,0.994105046992615,1.00623052959502,1.01219738561743
"Auckland",2008-06-30,487616.079311753,2008,1405500,2.88239059299233,0.996000367908262,1.02367079388201,1.02778154192037
"Bay of Plenty",2008-06-30,112235.531528589,2008,270200,2.40743725556441,0.987123764312378,1.01846965699208,1.03175477464221
"Canterbury",2008-06-30,227129.575928031,2008,553800,2.43825577420828,0.997481428504373,1.02555555555556,1.02814501227685
"Gisborne",2008-06-30,17495.7360983898,2008,46000,2.62921204008293,0.987930199842415,1,1.0122172600448
"Hawke's Bay",2008-06-30,61791.5760557121,2008,153500,2.48415738516853,0.983214086408227,1.00920447074293,1.02643410493604
"Manawatu-Whanganui",2008-06-30,96567.0220017881,2008,228600,2.3672677821189,0.977863903025841,0.996512641673932,1.01907089380269
"Marlborough",2008-06-30,21065.9339879585,2008,44200,2.09817423833499,0.982123046819916,1.01376146788991,1.03221431486863
"Nelson",2008-06-30,18977.3995970054,2008,45200,2.38178048414666,0.991551813047292,1.02031602708804,1.02900928994557
"Northland",2008-06-30,69620.988496608,2008,156300,2.24501265171802,0.985157810039435,1.02357563850688,1.03899662376518
"Otago",2008-06-30,89991.8918016052,2008,202100,2.24575787833805,0.984933074359717,1.01151151151151,1.0269850184177
"Southland",2008-06-30,41147.2417714463,2008,93300,2.26746668751791,0.985971468519557,1.00107296137339,1.0153163588765
"Taranaki",2008-06-30,44957.1236942264,2008,108300,2.4089619419738,0.983574233093488,1.00931966449208,1.02617538212405
"Tasman",2008-06-30,20350.0456499105,2008,46500,2.28500715919547,0.992027986854437,1.01528384279476,1.02344274178601
"Waikato",2008-06-30,172842.212274866,2008,401600,2.32350647862195,0.984592949163825,1.02136317395727,1.03734561051313
"Wellington",2008-06-30,186194.761606505,2008,471800,2.53390587323331,0.992582245235391,1.01179498177139,1.01935631694827
"West Coast",2008-06-30,15581.9282664443,2008,32400,2.07933186740267,0.980255862620322,1.00934579439252,1.02967585594892
"Auckland",2009-06-30,493014.253260765,2009,1421700,2.88368944832115,0.99644918299547,1.03546977421704,1.03915963993695
"Bay of Plenty",2009-06-30,113575.846621753,2009,272700,2.40103867249333,0.984500147271982,1.0278929513758,1.04407597522871
"Canterbury",2009-06-30,229763.235146891,2009,560600,2.43990297073246,0.998155290516449,1.03814814814815,1.04006676918078
"Gisborne",2009-06-30,17627.544246369,2009,46300,2.62657119749038,0.98693789944578,1.00652173913043,1.01984303135552
"Hawke's Bay",2009-06-30,62425.9424959992,2009,154500,2.47493259729161,0.979562972578297,1.01577909270217,1.03697171201617
"Manawatu-Whanganui",2009-06-30,97487.2280635849,2009,229300,2.35210298368974,0.971599673396834,0.999564080209241,1.02878181989774
"Marlborough",2009-06-30,21407.7046481628,2009,44400,2.07401964525003,0.970816653803614,1.01834862385321,1.04896081032744
"Nelson",2009-06-30,19293.0458846985,2009,45800,2.37391235545261,0.988276256242709,1.03386004514673,1.04612454120604
"Northland",2009-06-30,70777.1381600258,2009,158200,2.2351850344996,0.980845249106024,1.03601833660773,1.05625055282879
"Otago",2009-06-30,91036.0785824778,2009,203300,2.23318054957532,0.979416973445637,1.01751751751752,1.03890124952383
"Southland",2009-06-30,41551.9367050575,2009,93900,2.25982246426966,0.982647500823246,1.00751072961373,1.02530228669961
"Taranaki",2009-06-30,45506.1729377131,2009,109300,2.40187194272753,0.980679400904663,1.01863932898416,1.03870778568865
"Tasman",2009-06-30,20564.4177043855,2009,46900,2.28063836643419,0.990131290526587,1.02401746724891,1.03422392267221
"Waikato",2009-06-30,175469.199979527,2009,406600,2.31721578514885,0.981927248639232,1.03407934893184,1.05311197989961
"Wellington",2009-06-30,188067.742155546,2009,475600,2.52887600259827,0.99061194304662,1.01994424190435,1.02961028187034
"West Coast",2009-06-30,15789.8286370548,2009,32700,2.07095344424836,0.976306036935792,1.01869158878505,1.04341420645342
"Auckland",2010-06-30,495962.23980411,2010,1439600,2.90264033118449,1.00299759678434,1.04850691915513,1.04537331147821
"Bay of Plenty",2010-06-30,114354.068659011,2010,275700,2.41093301911367,0.988557135531468,1.03920090463626,1.05122998690163
"Canterbury",2010-06-30,230889.409805406,2010,567700,2.45875287428063,1.00586671641249,1.0512962962963,1.04516461191383
"Gisborne",2010-06-30,17688.9174185094,2010,46700,2.64007111883137,0.99201051427674,1.01521739130435,1.02339378130939
"Hawke's Bay",2010-06-30,62818.4985700019,2010,156300,2.48812059437917,0.984782700034139,1.0276134122288,1.04349255139552
"Manawatu-Whanganui",2010-06-30,97839.7197954055,2010,230400,2.35487182998678,0.972743420153054,1.00435919790758,1.03250166189719
"Marlborough",2010-06-30,21582.6362340458,2010,44600,2.06647600952683,0.967285594101704,1.02293577981651,1.05753232143035
"Nelson",2010-06-30,19468.9368900406,2010,46500,2.38842009004545,0.994315927251218,1.04966139954853,1.05566185834951
"Northland",2010-06-30,71579.0890281572,2010,160600,2.24367203020458,0.984569517695842,1.05173542894565,1.06821855647836
"Otago",2010-06-30,91633.89562059,2010,204600,2.23279823054938,0.979249297910692,1.02402402402402,1.04572352128193
"Southland",2010-06-30,41841.3489594241,2010,94700,2.26331135001971,0.984164586752408,1.01609442060086,1.03244359152752
"Taranaki",2010-06-30,45879.4500357234,2010,110700,2.41284496465858,0.985159663312504,1.03168685927307,1.04722807651718
"Tasman",2010-06-30,20742.879767433,2010,47400,2.28512147452253,0.992077616459892,1.03493449781659,1.04319912136475
"Waikato",2010-06-30,176928.812159499,2010,412400,2.33088096261126,0.987717909221567,1.04883011190234,1.0618721216961
"Wellington",2010-06-30,189370.180893822,2010,479400,2.53154956993358,0.991659233514866,1.02809350203731,1.03674071424043
"West Coast",2010-06-30,15929.0894450118,2010,32800,2.05912585984451,0.970730179068048,1.02180685358255,1.0526167575871
"Auckland",2011-06-30,499332.049235432,2011,1459600,2.92310498041316,1.01006908744575,1.06307356154406,1.05247608778163
"Bay of Plenty",2011-06-30,115124.538020557,2011,278200,2.41651349732515,0.990845304266106,1.04862419901998,1.05831273005494
"Canterbury",2011-06-30,232678.16799984,2011,559300,2.40374937110724,0.983364986487968,1.03574074074074,1.05326176442363
"Gisborne",2011-06-30,17748.8270956114,2011,46800,2.63679395533532,0.990779115386802,1.01739130434783,1.02685986063668
"Hawke's Bay",2011-06-30,63339.1497166853,2011,157300,2.48345613579594,0.982936536255678,1.03418803418803,1.05214120753674
"Manawatu-Whanganui",2011-06-30,98319.6931246305,2011,231300,2.35252971860686,0.971775947781494,1.00828247602441,1.03756681601995
"Marlborough",2011-06-30,21754.6006309502,2011,44700,2.05473778895327,0.961791113832469,1.02522935779817,1.06595844259042
"Nelson",2011-06-30,19689.650248209,2011,47500,2.41243492907248,1.00431347208618,1.07223476297968,1.06762957261981
"Northland",2011-06-30,72381.3460916046,2011,162500,2.24505357767653,0.985175769193306,1.0641781270465,1.08019112966804
"Otago",2011-06-30,92366.0634840587,2011,206600,2.23675224651808,0.980983430134687,1.03403403403403,1.05407900100011
"Southland",2011-06-30,42093.3242605906,2011,95700,2.27351965379456,0.988603503680884,1.02682403433476,1.03866113210359
"Taranaki",2011-06-30,46443.568262859,2011,111800,2.40722244611439,0.982864000492433,1.04193849021435,1.06010443936529
"Tasman",2011-06-30,20930.7547639623,2011,48200,2.30283143362745,0.999766334198664,1.05240174672489,1.05264771449662
"Waikato",2011-06-30,178686.973568933,2011,417300,2.33536889491844,0.989619684209772,1.06129196337742,1.07242406382092
"Wellington",2011-06-30,190536.662965467,2011,483400,2.53704453765737,0.993811723652083,1.03667167059833,1.0431268276739
"West Coast",2011-06-30,16067.895083927,2011,33100,2.06000847199397,0.971146267402717,1.03115264797508,1.0617892305068
"Auckland",2012-06-30,502442.254324497,2012,1476500,2.93864615742771,1.0154392888549,1.07538237436271,1.0590316783738
"Bay of Plenty",2012-06-30,115871.239615125,2012,278800,2.40611907601968,0.986583269912691,1.05088578967207,1.06517698173117
"Canterbury",2012-06-30,233887.338571464,2012,556000,2.37721290684624,0.972509017004164,1.02962962962963,1.05873530386528
"Gisborne",2012-06-30,17822.2455793035,2012,47000,2.63715365108535,0.99091427158143,1.02173913043478,1.03110749308733
"Hawke's Bay",2012-06-30,63694.280083581,2012,157500,2.4727495120963,0.978698920997397,1.03550295857988,1.05804035987349
"Manawatu-Whanganui",2012-06-30,98689.8839227299,2012,231200,2.34269198432759,0.967712205896473,1.00784655623365,1.04147343610283
"Marlborough",2012-06-30,21831.8333737233,2012,44600,2.04288843893799,0.95624461558308,1.02293577981651,1.06974278667469
"Nelson",2012-06-30,19851.3130381932,2012,48200,2.4280509761377,1.01081454130025,1.08803611738149,1.07639539492765
"Northland",2012-06-30,72960.3881052713,2012,163500,2.24094202684467,0.983371535969816,1.07072691552063,1.08883252804817
"Otago",2012-06-30,92897.806962301,2012,207400,2.23256077599512,0.979145156299345,1.03803803803804,1.06014724309241
"Southland",2012-06-30,42316.4614551169,2012,95900,2.26625754380991,0.985445691799664,1.02896995708155,1.04416708667364
"Taranaki",2012-06-30,46820.5386853878,2012,112700,2.40706329240019,0.982799018356494,1.05032618825722,1.06870903271114
"Tasman",2012-06-30,21138.2927479419,2012,48600,2.29914499621696,0.998165880095809,1.06113537117904,1.06308519689852
"Waikato",2012-06-30,180041.710515931,2012,421500,2.34112416946129,0.992058499331457,1.07197355035605,1.08055477683871
"Wellington",2012-06-30,191482.523581108,2012,485100,2.53339046784874,0.992380350508664,1.04031739223676,1.0483051097329
"West Coast",2012-06-30,16212.8373267667,2012,33100,2.04159206268932,0.962464251091464,1.03115264797508,1.07136721889225
"Auckland",2013-06-30,506141.994184378,2013,1493200,2.95016026561126,1.01941795018375,1.08754552075747,1.06682987145894
"Bay of Plenty",2013-06-30,116723.730189916,2013,279700,2.39625652422959,0.982539318517381,1.05427817565021,1.07301372655608
"Canterbury",2013-06-30,235590.748107776,2013,562900,2.38931284238076,0.977459055925203,1.04240740740741,1.0664461095209
"Gisborne",2013-06-30,17968.0746283441,2013,47000,2.61575048925159,0.982872002785558,1.02173913043478,1.03954444478942
"Hawke's Bay",2013-06-30,64060.4225541835,2013,158000,2.46642144557134,0.976194311513225,1.0387902695595,1.06412243680179
"Manawatu-Whanganui",2013-06-30,99077.1714852096,2013,231200,2.33353452197123,0.963929468704996,1.00784655623365,1.04556047818276
"Marlborough",2013-06-30,21956.3483791894,2013,44700,2.03585765847874,0.952953615531701,1.02522935779817,1.07584392470785
"Nelson",2013-06-30,20090.0151303519,2013,48700,2.42408976220353,1.00916546033563,1.09932279909707,1.08933851018984
"Northland",2013-06-30,73645.6147250885,2013,164700,2.23638570490325,0.981372128018949,1.07858546168959,1.09905858429756
"Otago",2013-06-30,93581.0526087924,2013,208800,2.23122089546129,0.978557518305868,1.04504504504505,1.06794442380279
"Southland",2013-06-30,42512.1328465798,2013,96000,2.25817886734712,0.981932809101295,1.03004291845494,1.04899531710084
"Taranaki",2013-06-30,47160.2960720655,2013,113600,2.40880591221073,0.983510526460406,1.05871388630009,1.0764642144811
"Tasman",2013-06-30,21359.9624458256,2013,48800,2.28464821152047,0.991872150957829,1.06550218340611,1.07423339023803
"Waikato",2013-06-30,181653.237485722,2013,424600,2.33742049344634,0.990489055336416,1.07985757884028,1.09022666431535
"Wellington",2013-06-30,192577.03699405,2013,486700,2.52730028250999,0.989994701577782,1.04374865966116,1.05429721795249
"West Coast",2013-06-30,16350.2920845212,2013,33000,2.01831256771499,0.951489638628117,1.02803738317757,1.08045042367442
"Auckland",2014-06-30,510414.900214682,2014,1520400,2.9787531660234,1.02929813068367,1.10735615440641,1.07583616582583
"Bay of Plenty",2014-06-30,118077.349269571,2014,286100,2.42298799701908,0.993500049470842,1.07840180927252,1.08545722755313
"Canterbury",2014-06-30,237843.9102935,2014,570600,2.39905238396005,0.981443466400205,1.05666666666667,1.07664547459098
"Gisborne",2014-06-30,18077.9782438586,2014,47500,2.62750620446932,0.987289229660871,1.03260869565217,1.04590292756143
"Hawke's Bay",2014-06-30,64479.858415134,2014,160800,2.49380200193273,0.987031365907983,1.05719921104536,1.07108978251449
"Manawatu-Whanganui",2014-06-30,99668.628334546,2014,234200,2.3497865267483,0.970642798284076,1.02092414995641,1.05180211686649
"Marlborough",2014-06-30,22155.2775250643,2014,45400,2.04917315744021,0.959186395522529,1.04128440366972,1.0855912975105
"Nelson",2014-06-30,20368.386839912,2014,49600,2.43514620916412,1.01376833625245,1.1196388261851,1.10443262641642
"Northland",2014-06-30,74613.5512023903,2014,168200,2.25428219525104,0.989225476740583,1.10150622134905,1.11350369278642
"Otago",2014-06-30,94794.2448116343,2014,212500,2.24169727204704,0.983152194293997,1.06356356356356,1.08178934018177
"Southland",2014-06-30,42816.7685588816,2014,96800,2.26079648834033,0.983071039545388,1.03862660944206,1.05651226377533
"Taranaki",2014-06-30,47570.2526358204,2014,115000,2.41747717592328,0.987050985696149,1.071761416589,1.08582173780325
"Tasman",2014-06-30,21697.7379659737,2014,49700,2.29056135150767,0.994439320313897,1.08515283842795,1.0912207675833
"Waikato",2014-06-30,183867.35007471,2014,432400,2.35169539248978,0.996538087296307,1.09969481180061,1.10351508469102
"Wellington",2014-06-30,194041.299898729,2014,493800,2.54481906819691,0.996857164708164,1.05897490885696,1.06231358548442
"West Coast",2014-06-30,16478.653252287,2014,32900,1.9965223793658,0.941217127437504,1.02492211838006,1.0889327111699
"Auckland",2015-06-30,516118.238854749,2015,1552800,3.00861291677197,1.03961606705341,1.13095411507647,1.08785748019646
"Bay of Plenty",2015-06-30,119603.715372058,2015,293200,2.45142886312458,1.00516168457492,1.10516396532228,1.09948875119494
"Canterbury",2015-06-30,241872.187656912,2015,585600,2.42111342222883,0.990468555646137,1.08444444444444,1.09488023447347
"Gisborne",2015-06-30,18189.0652155933,2015,48100,2.64444595859519,0.99365436660065,1.04565217391304,1.05232987350549
"Hawke's Bay",2015-06-30,64891.4512158103,2015,163700,2.52267435745243,0.998458865157525,1.07626561472715,1.07792684534616
"Manawatu-Whanganui",2015-06-30,100181.231631197,2015,237400,2.36970534434988,0.97887080394979,1.03487358326068,1.05721161473497
"Marlborough",2015-06-30,22352.8942037132,2015,46200,2.06684644856081,0.96745899090835,1.05963302752294,1.095274360444
"Nelson",2015-06-30,20624.8026859669,2015,50500,2.44850827272933,1.01933105642853,1.13995485327314,1.11833623245744
"Northland",2015-06-30,75643.2624794799,2015,172100,2.27515305869688,0.998384041664574,1.12704649639817,1.1288707044226
"Otago",2015-06-30,96215.3554726577,2015,217400,2.25951459548243,0.990966425435006,1.08808808808809,1.09800701634311
"Southland",2015-06-30,43068.9918279685,2015,97700,2.26845337801836,0.986400515035235,1.04828326180258,1.06273592300905
"Taranaki",2015-06-30,48034.9741644891,2015,116600,2.42739799548386,0.991101636028537,1.08667287977633,1.09642930681737
"Tasman",2015-06-30,21979.3129702378,2015,50700,2.30671450325371,1.00145215550065,1.10698689956332,1.10538171342785
"Waikato",2015-06-30,186493.992122608,2015,442100,2.37058574900015,1.00454293341937,1.12436419125127,1.1192793795523
"Wellington",2015-06-30,195758.88872089,2015,501800,2.56335742033895,1.00411901266648,1.07613124597898,1.07171683077813
"West Coast",2015-06-30,16600.272524241,2015,32800,1.97587117633779,0.931481566147012,1.02180685358255,1.09696948465568
"Auckland",2016-06-30,523147.111949164,2016,1589800,3.0389157536905,1.05008711035784,1.15790240349599,1.10267271360127
"Bay of Plenty",2016-06-30,121325.84567664,2016,301500,2.48504346554124,1.01894471164934,1.13644930267622,1.11531988898267
"Canterbury",2016-06-30,246020.222109541,2016,601900,2.44654685228274,1.00087327791125,1.11462962962963,1.11365709748569
"Gisborne",2016-06-30,18268.5071821089,2016,48800,2.67126369514154,1.00373116962059,1.06086956521739,1.05692599505344
"Hawke's Bay",2016-06-30,65278.1795191407,2016,166900,2.55675022234745,1.01194588114587,1.09730440499671,1.08435087828431
"Manawatu-Whanganui",2016-06-30,100653.596568608,2016,241100,2.39534411307062,0.989461589934974,1.05100261551874,1.06219647756899
"Marlborough",2016-06-30,22567.7753221521,2016,47100,2.08704665513785,0.97691439650211,1.0802752293578,1.10580336744527
"Nelson",2016-06-30,20815.6302997565,2016,51400,2.46929827537344,1.02798607940493,1.16027088036117,1.12868345555109
"Northland",2016-06-30,76713.3433123806,2016,176400,2.29946958877402,1.00905463610431,1.15520628683694,1.14484017564885
"Otago",2016-06-30,97697.3322994323,2016,223100,2.28358333589111,1.00152237125417,1.11661661661662,1.11491929553038
"Southland",2016-06-30,43325.4962087321,2016,99000,2.28502864740524,0.993608004692508,1.06223175965665,1.06906521952325
"Taranaki",2016-06-30,48530.7833772701,2016,118500,2.44174916936331,0.996961190966503,1.10438024231128,1.10774647229812
"Tasman",2016-06-30,22309.8812557817,2016,51900,2.32632345304617,1.00996531350484,1.13318777292576,1.12200662515162
"Waikato",2016-06-30,189103.004233204,2016,452800,2.39446222356997,1.01466066226094,1.15157680569685,1.13493786497135
"Wellington",2016-06-30,197467.248567754,2016,510700,2.58625166301829,1.01308715116037,1.09521767102724,1.0810695504062
"West Coast",2016-06-30,16700.1401800502,2016,32900,1.97004334366618,0.928734160967363,1.02492211838006,1.10356888058528
"Auckland",2017-06-30,531418.905019897,2017,1625100,3.05803949511197,1.05669525483967,1.18361252731245,1.12010773389158
"Bay of Plenty",2017-06-30,123853.27924736,2017,311500,2.51507268836921,1.03125762215565,1.17414248021108,1.13855398979429
"Canterbury",2017-06-30,249624.200190637,2017,614300,2.46089922183371,1.00674477926626,1.13759259259259,1.12997118636334
"Gisborne",2017-06-30,18369.7118850465,2017,49200,2.67832181080914,1.00638326671877,1.0695652173913,1.06278120151832
"Hawke's Bay",2017-06-30,65727.8797298462,2017,169700,2.58185720728401,1.02188307007127,1.11571334648258,1.09182095208286
"Manawatu-Whanganui",2017-06-30,101316.0962313,2017,244300,2.41126542659395,0.996038318558928,1.06495204882302,1.06918783040776
"Marlborough",2017-06-30,22786.9725918569,2017,47900,2.10207827331645,0.983950465468394,1.09862385321101,1.11654386248806
"Nelson",2017-06-30,21016.4019176918,2017,52000,2.47425797258977,1.03005083591786,1.17381489841986,1.1395698712034
"Northland",2017-06-30,78129.381507034,2017,181200,2.31922992995518,1.01772588097625,1.18664047151277,1.16597258033223
"Otago",2017-06-30,99448.2129796574,2017,228800,2.30069493603472,1.00902708986129,1.14514514514515,1.13490029816996
"Southland",2017-06-30,43620.4701086988,2017,99900,2.29020915526717,0.995860665325815,1.07188841201717,1.07634375906039
"Taranaki",2017-06-30,49027.265663057,2017,120000,2.44761763433245,0.999357273208768,1.11835973904939,1.11907900110491
"Tasman",2017-06-30,22701.9987611127,2017,53000,2.3345961982337,1.01355689733035,1.15720524017467,1.1417269649318
"Waikato",2017-06-30,192704.597008658,2017,465000,2.41301975779596,1.02252447392701,1.18260427263479,1.15655351318193
"Wellington",2017-06-30,199374.934174086,2017,518300,2.59962468274694,1.01832563380807,1.11151619129316,1.09151351433293
"West Coast",2017-06-30,16769.8506239014,2017,32700,1.94992792323349,0.919251182748573,1.01869158878505,1.1081754453001
"Auckland",2018-06-30,540550.876882724,2018,1654800,3.06132146069762,1.05782932700141,1.20524399126001,1.13935581146769
"Bay of Plenty",2018-06-30,126477.015926378,2018,320800,2.53642922906038,1.04001446464076,1.20919713531851,1.16267338237088
"Canterbury",2018-06-30,252546.415785628,2018,622800,2.46608132632799,1.00886475906833,1.15333333333333,1.14319914831639
"Gisborne",2018-06-30,18453.9884505726,2018,49500,2.68234696973943,1.00789572596731,1.07608695652174,1.06765702919217
"Hawke's Bay",2018-06-30,66273.2271400467,2018,172400,2.60135212120709,1.02959903609538,1.13346482577252,1.1008798435467
"Manawatu-Whanganui",2018-06-30,102210.479572549,2018,247500,2.42147381594394,1.0002551695332,1.07890148212729,1.07862624957069
"Marlborough",2018-06-30,23067.1058777361,2018,48700,2.11123147646382,0.988234938892481,1.11697247706422,1.13027017473802
"Nelson",2018-06-30,21269.7733458271,2018,52700,2.47769447953892,1.03148147770817,1.18961625282167,1.15330840013226
"Northland",2018-06-30,79674.7325673862,2018,185800,2.33198147032193,1.02332151963456,1.21676489849378,1.18903480005805
"Otago",2018-06-30,101561.08801524,2018,235000,2.31387832281529,1.01480899262005,1.17617617617618,1.15901237053439
"Southland",2018-06-30,43889.3585004882,2018,100500,2.28984891631264,0.995704021202674,1.07832618025751,1.08297863350501
"Taranaki",2018-06-30,49624.0391355762,2018,121200,2.44236467065636,0.997212498885377,1.12954333643989,1.13270074101801
"Tasman",2018-06-30,23095.5482434695,2018,54000,2.33811293114763,1.01508367481062,1.17903930131004,1.16151932157712
"Waikato",2018-06-30,196323.567284617,2018,475600,2.42253136787448,1.02655504767607,1.20956256358087,1.178273455787
"Wellington",2018-06-30,201571.092360968,2018,525900,2.6090050603994,1.02200011769865,1.12781471155908,1.10353677267544
"West Coast",2018-06-30,16870.1358147714,2018,32400,1.92055359575889,0.905403293833429,1.00934579439252,1.11480243253701
"Auckland",2019-06-30,552191.972696157,2019,1681300,3.04477443196215,1.05211155691558,1.22454479242535,1.16389254007939
"Bay of Plenty",2019-06-30,128653.803020953,2019,328200,2.55103224540163,1.04600215317875,1.23709008669431,1.18268407281462
"Canterbury",2019-06-30,256928.722320598,2019,631700,2.45865855048996,1.00582812889823,1.16981481481481,1.16303648824796
"Gisborne",2019-06-30,18547.097662731,2019,50200,2.70662293976449,1.01701745656667,1.09130434782609,1.07304387036797
"Hawke's Bay",2019-06-30,66846.4101454065,2019,174900,2.61644566431543,1.03557296684813,1.14990138067061,1.11040111849429
"Manawatu-Whanganui",2019-06-30,103223.090642337,2019,250600,2.42775137268769,1.00284828391818,1.0924149956408,1.08931232486402
"Marlborough",2019-06-30,23376.5385361859,2019,49300,2.10895209843347,0.987167997141353,1.13073394495413,1.14543213336384
"Nelson",2019-06-30,21510.7642956699,2019,53400,2.48247804057569,1.03347290750215,1.20541760722348,1.16637562385347
"Northland",2019-06-30,80854.7203030083,2019,189100,2.33876265097864,1.02629724143289,1.23837590045842,1.20664447926356
"Otago",2019-06-30,103582.614688487,2019,239400,2.31119865741919,1.01363375859224,1.1981981981982,1.1820819778756
"Southland",2019-06-30,44140.2008425428,2019,101600,2.30175663138526,1.00088189983767,1.09012875536481,1.08916821809008
"Taranaki",2019-06-30,50091.9935888667,2019,123100,2.45747855456405,1.00338346676766,1.14725069897484,1.14338210362448
"Tasman",2019-06-30,23479.4141119558,2019,54900,2.33821848101587,1.01512949892232,1.19868995633188,1.18082467074834
"Waikato",2019-06-30,199634.233159517,2019,485700,2.43294946118737,1.03096974645741,1.2352492370295,1.19814305053474
"Wellington",2019-06-30,204209.888604318,2019,532600,2.608100928119,1.02164595077463,1.14218314389878,1.11798333173322
"West Coast",2019-06-30,16973.3004689332,2019,32500,1.91477197139625,0.90267767255777,1.01246105919003,1.12161969878039
"Auckland",2020-06-30,565398.202500837,2020,1714200,3.03184550714496,1.04764401046095,1.24850691915513,1.19172820794901
"Bay of Plenty",2020-06-30,130607.476589409,2020,339200,2.59709481308137,1.06488923116877,1.27855258198266,1.20064373322602
"Canterbury",2020-06-30,261308.379335293,2020,644000,2.46452104459177,1.00822645357488,1.19259259259259,1.18286183462455
"Gisborne",2020-06-30,18634.5638923342,2020,51400,2.75831515548076,1.03644088085665,1.11739130434783,1.078104236321
"Hawke's Bay",2020-06-30,67433.7808489189,2020,180000,2.66928530083874,1.05648656727481,1.18343195266272,1.12015806856434
"Manawatu-Whanganui",2020-06-30,104348.109097671,2020,254600,2.43991004917676,1.00787075367721,1.10985178727114,1.10118463426174
"Marlborough",2020-06-30,23608.6130300232,2020,51300,2.17293578130835,1.01711777367741,1.17660550458716,1.15680360233321
"Nelson",2020-06-30,21840.9408726197,2020,54900,2.51362797601928,1.04644084269642,1.2392776523702,1.18427874926679
"Northland",2020-06-30,81961.5683029515,2020,194600,2.37428350907961,1.04188452587456,1.27439423706614,1.22316264942741
"Otago",2020-06-30,105642.907775954,2020,245000,2.31913343884469,1.01711375469475,1.22622622622623,1.20559398648014
"Southland",2020-06-30,44412.8968734885,2020,102800,2.31464298068259,1.00648532184624,1.10300429184549,1.09589704678674
"Taranaki",2020-06-30,50550.4174015607,2020,125200,2.47673523653505,1.01124593062462,1.1668219944082,1.15384592320435
"Tasman",2020-06-30,23852.8796736605,2020,57300,2.40222567605845,1.04291800216038,1.25109170305677,1.19960696858733
"Waikato",2020-06-30,203440.262883016,2020,500100,2.45821546292226,1.04167629166854,1.27187182095626,1.22098566620825
"Wellington",2020-06-30,206729.127736319,2020,542100,2.62227198429165,1.02719704045866,1.16255629423118,1.13177535413467
"West Coast",2020-06-30,17085.8437280188,2020,32800,1.91971789758394,0.905009322073455,1.02180685358255,1.12905671650045
"Auckland",2021-06-30,579308.413198754,2021,1704100,2.94161099886416,1.01646377983426,1.24115076474873,1.22104770417998
"Bay of Plenty",2021-06-30,132533.499336251,2021,344000,2.59557018959588,1.0642640883657,1.2966453071994,1.21834920615478
"Canterbury",2021-06-30,266405.173171108,2021,650200,2.44064329630111,0.998458154971273,1.20407407407407,1.20593343654819
"Gisborne",2021-06-30,18720.1491277525,2021,51800,2.76707197397306,1.0397312679807,1.12608695652174,1.08305577719977
"Hawke's Bay",2021-06-30,68281.2593518932,2021,181800,2.66251679780946,1.0538076357538,1.19526627218935,1.13423572921291
"Manawatu-Whanganui",2021-06-30,105592.1471377,2021,256800,2.43199903554488,1.00460289580097,1.11944202266783,1.11431295624058
"Marlborough",2021-06-30,23845.3476542589,2021,51600,2.16394412646712,1.0129089185274,1.18348623853211,1.16840341405296
"Nelson",2021-06-30,22091.4196551334,2021,54700,2.476074460307,1.03080705241278,1.23476297968397,1.19786043061483
"Northland",2021-06-30,82878.252990129,2021,198900,2.39990579945851,1.05312811483988,1.30255402750491,1.23684289608293
"Otago",2021-06-30,107768.441901987,2021,244600,2.26968113933075,0.995425216556135,1.22422422422422,1.22985052404003
"Southland",2021-06-30,44771.1073392256,2021,102500,2.28942293571989,0.995518790384108,1.09978540772532,1.10473596113739
"Taranaki",2021-06-30,51180.3927449925,2021,126500,2.47164965361421,1.0091694975212,1.1789375582479,1.16822551726316
"Tasman",2021-06-30,24317.1115490959,2021,58100,2.38926403255983,1.03729074928526,1.26855895196507,1.22295407805301
"Waikato",2021-06-30,207425.992735854,2021,508400,2.45099465739291,1.03861645332641,1.29298067141404,1.2449067865938
"Wellington",2021-06-30,209739.879437201,2021,543700,2.59225857027725,1.01544017838091,1.16598756165559,1.14825824945662
"West Coast",2021-06-30,17212.45489449,2021,32900,1.91140660653419,0.901091144362053,1.02492211838006,1.13742336143552
"Auckland",2022-06-30,597224.162241078,2022,1695200,2.8384651981239,0.980822095554806,1.23466860888565,1.25880994573971
"Bay of Plenty",2022-06-30,134924.81866748,2022,347700,2.5769906784674,1.05664591392654,1.3105917828873,1.24033204086039
"Canterbury",2022-06-30,272137.85187294,2022,655000,2.40686841426902,0.984640975521396,1.21296296296296,1.23188349166625
"Gisborne",2022-06-30,18843.354246871,2022,52100,2.76490052235001,1.03891534191494,1.13260869565217,1.09018381956371
"Hawke's Bay",2022-06-30,69279.1274552837,2022,182700,2.63715792491648,1.04377075113744,1.20118343195266,1.15081154615962
"Manawatu-Whanganui",2022-06-30,106919.30996704,2022,258200,2.41490522226148,0.997541834479075,1.12554489973845,1.12831849335544
"Marlborough",2022-06-30,24064.3737829808,2022,51900,2.15671517023666,1.00952515544964,1.19036697247706,1.17913552332124
"Nelson",2022-06-30,22338.1033045788,2022,54500,2.439777417845,1.015696340699,1.23024830699774,1.21123632891213
"Northland",2022-06-30,84181.115481692,2022,201500,2.39364849048387,1.05038227873001,1.31958087753766,1.25628631047843
"Otago",2022-06-30,109669.88724338,2022,246000,2.24309522133524,0.983765299786583,1.23123123123123,1.25154976649241
"Southland",2022-06-30,45157.8226165597,2022,102400,2.26760268911746,0.986030606630632,1.09871244635193,1.11427823737272
"Taranaki",2022-06-30,51952.374633313,2022,127300,2.45032110463672,1.00046109460374,1.18639328984157,1.18584650241844
"Tasman",2022-06-30,24901.4196937376,2022,58700,2.35729531576717,1.02341164101441,1.28165938864629,1.25234005289983
"Waikato",2022-06-30,211821.51494713,2022,513800,2.42562706686449,1.02786685955451,1.30671414038657,1.27128735423274
"Wellington",2022-06-30,212780.994848901,2022,543500,2.5542694749874,1.00055908043028,1.16555865322754,1.16490737631035
"West Coast",2022-06-30,17363.4504337632,2022,32700,1.88326623931928,0.88782497921971,1.01869158878505,1.14740136020993
